,SongID,start_time,end_time,label
0,1,0.0,61.0,other
1,1,61.0,121.9,chorus
2,1,167.7,228.6,chorus
3,1,228.6,259.9950113378685,other
4,2,0.0,92.2,other
5,2,92.2,138.3,chorus
6,2,184.3,230.4,chorus
7,2,230.4,276.42503401360545,other
8,3,0.0,47.6,other
9,3,47.6,91.4,chorus
10,3,131.4,175.2,chorus
11,3,175.2,179.52902494331065,other
12,6,0.0,61.9,other
13,6,61.9,92.4,chorus
14,6,172.4,199.0,chorus
15,6,199.0,203.79900226757368,other
16,7,0.0,123.0,other
17,7,123.0,153.7,chorus
18,7,261.2,291.9,chorus
19,7,291.9,323.4660317460318,other
20,8,0.0,68.9,other
21,8,68.9,110.6,chorus
22,8,185.7,219.1,chorus
23,8,219.1,273.3910204081633,other
24,10,0.0,47.3,other
25,10,47.3,93.9,chorus
26,10,141.0,172.2,chorus
27,10,172.2,172.83002267573696,other
28,11,0.0,39.2,other
29,11,39.2,81.8,chorus
30,11,132.1,170.8,chorus
31,11,170.8,194.05600907029478,other
32,12,0.0,32.8,other
33,12,32.8,64.5,chorus
34,12,95.8,127.2,chorus
35,12,127.2,145.5,other
36,13,0.0,31.9,other
37,13,31.9,60.0,chorus
38,13,144.4,170.6,chorus
39,13,170.6,174.37501133786847,other
40,18,0.0,100.1,other
41,18,100.1,130.1,chorus
42,18,130.1,148.59401360544217,other
43,19,0.0,130.1,other
44,19,130.1,161.4,chorus
45,19,161.4,199.46204081632652,other
46,20,0.0,116.0,other
47,20,116.0,148.0,chorus
48,20,148.0,181.25301587301587,other
49,21,0.0,69.0,other
50,21,69.0,99.5,chorus
51,21,160.5,190.9,chorus
52,21,190.9,209.1790022675737,other
53,22,0.0,63.1,other
54,22,63.1,94.6,chorus
55,22,126.0,157.5,chorus
56,22,191.0,214.6,chorus
57,22,214.6,255.37002267573695,other
58,23,0.0,63.9,other
59,23,63.9,79.4,chorus
60,23,156.1,186.9,chorus
61,23,186.9,187.83102040816325,other
62,25,0.0,32.2,other
63,25,32.2,60.6,chorus
64,25,107.8,136.1,chorus
65,25,136.1,168.98303854875283,other
66,26,0.0,51.5,other
67,26,51.5,78.4,chorus
68,26,128.3,155.5,chorus
69,26,155.5,156.74403628117915,other
70,29,0.0,69.1,other
71,29,69.1,97.9,chorus
72,29,153.6,184.3,chorus
73,29,184.3,215.04,other
74,30,0.0,75.2,other
75,30,75.2,120.2,chorus
76,30,165.2,210.1,chorus
77,30,210.1,213.20902494331065,other
78,32,0.0,30.2,other
79,32,30.2,59.7,chorus
80,32,89.2,118.8,chorus
81,32,118.8,126.84503401360544,other
82,33,0.0,45.3,other
83,33,45.3,71.7,chorus
84,33,135.2,161.6,chorus
85,33,161.6,184.78702947845804,other
86,36,0.0,54.6,other
87,36,54.6,96.2,chorus
88,36,152.9,175.6,chorus
89,36,175.6,187.09301587301587,other
90,37,0.0,11.4,other
91,37,11.4,57.1,chorus
92,37,137.1,182.8,chorus
93,37,182.8,183.62902494331067,other
94,38,0.0,45.7,other
95,38,45.7,91.4,chorus
96,38,152.4,182.8,chorus
97,38,182.8,185.00503401360544,other
98,40,0.0,31.9,other
99,40,31.9,76.9,chorus
100,40,136.9,181.9,chorus
101,41,0.0,30.5,other
102,41,30.5,60.7,chorus
103,41,136.3,166.5,chorus
104,41,166.5,166.53002267573697,other
105,43,0.0,60.5,other
106,43,60.5,90.5,chorus
107,43,135.5,165.5,chorus
108,43,165.5,166.07900226757369,other
109,46,0.0,57.1,other
110,46,57.1,72.9,chorus
111,46,137.8,167.3,chorus
112,46,167.3,168.0580045351474,other
113,48,0.0,26.2,other
114,48,26.2,45.8,chorus
115,48,56.7,79.7,chorus
116,48,117.7,148.1,chorus
117,48,148.1,153.66702947845806,other
118,51,0.0,30.7,other
119,51,30.7,59.5,chorus
120,51,122.9,151.7,chorus
121,51,151.7,184.32,other
122,52,0.0,25.8,other
123,52,25.8,56.8,chorus
124,52,99.3,130.6,chorus
125,52,130.6,131.4530158730159,other
126,54,0.0,52.5,other
127,54,52.5,80.6,chorus
128,54,142.5,172.5,chorus
129,54,172.5,202.84403628117914,other
130,55,0.0,29.8,other
131,55,29.8,104.2,chorus
132,55,163.7,215.8,chorus
133,55,215.8,223.66902494331066,other
134,56,0.0,15.0,other
135,56,15.0,71.2,chorus
136,56,120.0,161.2,chorus
137,56,161.2,165.30603174603175,other
138,58,0.0,137.2,other
139,58,137.2,212.5,chorus
140,58,274.4,300.1,chorus
141,58,300.1,381.10902494331066,other
142,61,0.0,60.0,other
143,61,60.0,105.0,chorus
144,61,153.7,195.0,chorus
145,61,195.0,240.39201814058956,other
146,64,0.0,108.4,other
147,64,108.4,139.4,chorus
148,64,185.8,216.8,chorus
149,64,216.8,278.92603174603175,other
150,65,0.0,49.0,other
151,65,49.0,95.0,chorus
152,65,158.4,181.4,chorus
153,65,181.4,196.5,other
154,66,0.0,61.5,other
155,66,61.5,92.2,chorus
156,66,184.3,215.1,chorus
157,66,215.1,245.76902494331065,other
158,67,0.0,92.2,other
159,67,92.2,119.1,chorus
160,67,153.6,180.5,chorus
161,67,261.1,288.0,chorus
162,67,288.0,358.85600907029476,other
163,68,0.0,77.5,other
164,68,77.5,108.4,chorus
165,68,185.9,216.8,chorus
166,68,216.8,219.96702947845804,other
167,69,0.0,33.3,other
168,69,33.3,64.0,chorus
169,69,79.3,110.1,chorus
170,69,171.5,202.2,chorus
171,69,202.2,205.04303854875283,other
172,70,0.0,45.7,other
173,70,45.7,61.0,chorus
174,70,91.4,106.7,chorus
175,70,137.2,167.6,chorus
176,70,167.6,183.39700680272108,other
177,71,0.0,62.0,other
178,71,62.0,92.5,chorus
179,71,218.7,248.7,chorus
180,71,248.7,264.9960090702948,other
181,72,0.0,53.4,other
182,72,53.4,83.8,chorus
183,72,129.6,160.0,chorus
184,72,160.0,175.8560090702948,other
185,73,0.0,62.0,other
186,73,62.0,92.9,chorus
187,73,185.8,216.8,chorus
188,73,216.8,263.26303854875283,other
189,75,0.0,60.0,other
190,75,60.0,90.0,chorus
191,75,120.0,150.0,chorus
192,75,195.0,221.3,chorus
193,75,221.3,225.48902494331065,other
194,76,0.0,69.1,other
195,76,69.1,96.0,chorus
196,76,130.5,161.3,chorus
197,76,222.7,253.4,chorus
198,76,253.4,269.16,other
199,78,0.0,60.9,other
200,78,60.9,91.4,chorus
201,78,106.7,137.1,chorus
202,78,198.1,228.6,chorus
203,78,228.6,289.5240362811791,other
204,79,0.0,11.8,other
205,79,11.8,57.8,chorus
206,79,103.9,176.9,chorus
207,79,176.9,180.88403628117914,other
208,82,0.0,92.2,other
209,82,92.2,138.3,chorus
210,82,176.7,230.4,chorus
211,82,230.4,262.67102040816326,other
212,83,0.0,8.1,other
213,83,8.1,53.8,chorus
214,83,69.0,99.5,chorus
215,83,190.9,221.4,chorus
216,83,221.4,250.52503401360545,other
217,86,0.0,62.0,other
218,86,62.0,92.0,chorus
219,86,167.0,195.3,chorus
220,86,195.3,197.66303854875284,other
221,88,0.0,45.2,other
222,88,45.2,73.4,chorus
223,88,120.2,148.4,chorus
224,88,148.4,180.27501133786848,other
225,89,0.0,61.4,other
226,89,61.4,92.1,chorus
227,89,140.2,170.9,chorus
228,89,170.9,203.53002267573697,other
229,90,0.0,36.5,other
230,90,36.5,66.9,chorus
231,90,127.9,158.4,chorus
232,90,158.4,174.54902494331066,other
233,91,0.0,32.4,other
234,91,32.4,62.8,chorus
235,91,108.6,154.3,chorus
236,92,0.0,37.3,other
237,92,37.3,95.5,chorus
238,92,179.1,222.7,chorus
239,92,222.7,241.8380045351474,other
240,93,0.0,34.7,other
241,93,34.7,64.8,chorus
242,93,105.9,151.0,chorus
243,93,151.0,151.87501133786847,other
244,95,0.0,77.3,other
245,95,77.3,107.3,chorus
246,95,137.3,167.3,chorus
247,95,167.3,184.29102040816326,other
248,98,0.0,71.3,other
249,98,71.3,101.3,chorus
250,98,176.3,206.2,chorus
251,98,206.2,206.74503401360545,other
252,99,0.0,30.5,other
253,99,30.5,59.0,chorus
254,99,76.2,104.8,chorus
255,99,152.4,180.9,chorus
256,99,180.9,184.76204081632653,other
257,101,0.0,49.7,other
258,101,49.7,78.7,chorus
259,101,132.5,161.5,chorus
260,101,161.5,194.59201814058957,other
261,102,0.0,53.8,other
262,102,53.8,107.5,chorus
263,102,192.0,215.0,chorus
264,102,215.0,238.58403628117915,other
265,103,0.0,47.4,other
266,103,47.4,109.4,chorus
267,103,148.0,210.0,chorus
268,103,210.0,230.33401360544218,other
269,104,0.0,72.6,other
270,104,72.6,109.2,chorus
271,104,164.8,204.0,chorus
272,104,204.0,206.9990022675737,other
273,105,0.0,68.6,other
274,105,68.6,102.8,chorus
275,105,154.3,188.6,chorus
276,105,188.6,207.44702947845806,other
277,106,0.0,32.6,other
278,106,32.6,63.4,chorus
279,106,109.4,140.2,chorus
280,106,140.2,141.67501133786848,other
281,107,0.0,63.3,other
282,107,63.3,93.0,chorus
283,107,167.4,197.2,chorus
284,107,197.2,212.08603174603175,other
285,108,0.0,91.7,other
286,108,91.7,137.4,chorus
287,108,152.6,183.1,chorus
288,108,244.1,301.2,chorus
289,108,301.2,336.66503401360546,other
290,109,0.0,32.1,other
291,109,32.1,90.7,chorus
292,109,153.1,211.6,chorus
293,109,211.6,212.1390022675737,other
294,114,0.0,76.7,other
295,114,76.7,106.9,chorus
296,114,137.1,152.3,chorus
297,114,186.3,197.6,chorus
298,114,197.6,198.06603174603174,other
299,115,0.0,42.8,other
300,115,42.8,67.2,chorus
301,115,156.7,181.1,chorus
302,115,181.1,215.30104308390023,other
303,116,0.0,92.4,other
304,116,92.4,123.1,chorus
305,116,199.9,222.9,chorus
306,118,0.0,59.9,other
307,118,59.9,88.4,chorus
308,118,160.6,189.5,chorus
309,118,189.5,189.99401360544218,other
310,127,0.0,68.6,other
311,127,68.6,110.5,chorus
312,127,175.3,202.0,chorus
313,127,202.0,217.39002267573696,other
314,129,0.0,44.5,other
315,129,44.5,74.1,chorus
316,129,133.1,177.5,chorus
317,129,177.5,186.27301587301588,other
318,130,0.0,61.6,other
319,130,61.6,107.7,chorus
320,130,153.7,199.8,chorus
321,130,199.8,234.21102040816328,other
322,131,0.0,31.7,other
323,131,31.7,62.7,chorus
324,131,93.6,124.6,chorus
325,131,171.0,200.1,chorus
326,131,200.1,202.74104308390022,other
327,132,0.0,76.2,other
328,132,76.2,122.0,chorus
329,132,156.2,198.1,chorus
330,132,198.1,230.60902494331066,other
331,135,0.0,46.9,other
332,135,46.9,76.4,chorus
333,135,135.5,163.3,chorus
334,135,163.3,168.63301587301586,other
335,138,0.0,29.8,other
336,138,29.8,59.5,chorus
337,138,89.3,141.4,chorus
338,138,141.4,157.4750113378685,other
339,139,0.0,53.8,other
340,139,53.8,99.5,chorus
341,139,123.9,154.8,chorus
342,139,154.8,165.39102040816326,other
343,140,0.0,47.9,other
344,140,47.9,78.9,chorus
345,140,117.6,148.6,chorus
346,140,148.6,152.4770068027211,other
347,141,0.0,23.3,other
348,141,23.3,69.4,chorus
349,141,100.1,146.2,chorus
350,141,146.2,148.5,other
351,142,0.0,53.8,other
352,142,53.8,99.5,chorus
353,142,145.2,190.9,chorus
354,142,190.9,193.01800453514738,other
355,143,0.0,47.3,other
356,143,47.3,78.0,chorus
357,143,124.1,154.8,chorus
358,143,154.8,171.86802721088435,other
359,144,0.0,23.7,other
360,144,23.7,70.3,chorus
361,144,101.1,132.1,chorus
362,144,132.1,147.0380045351474,other
363,145,0.0,83.8,other
364,145,83.8,107.8,chorus
365,145,119.8,143.8,chorus
366,145,143.8,148.42104308390023,other
367,147,0.0,30.0,other
368,147,30.0,60.5,chorus
369,147,90.0,135.5,chorus
370,147,135.5,150.47002267573697,other
371,149,0.0,58.7,other
372,149,58.7,88.0,chorus
373,149,139.3,183.2,chorus
374,149,183.2,197.97201814058957,other
375,151,0.0,63.8,other
376,151,63.8,94.3,chorus
377,151,124.8,153.3,chorus
378,151,153.3,154.81501133786847,other
379,153,0.0,30.0,other
380,153,30.0,60.0,chorus
381,153,90.0,120.0,chorus
382,153,180.0,240.0,chorus
383,153,240.0,269.9990022675737,other
384,154,0.0,14.3,other
385,154,14.3,76.8,chorus
386,154,99.8,162.2,chorus
387,154,162.2,167.29800453514738,other
388,156,0.0,38.6,other
389,156,38.6,83.5,chorus
390,156,158.5,199.8,chorus
391,156,199.8,204.17800453514738,other
392,157,0.0,24.2,other
393,157,24.2,62.9,chorus
394,157,132.6,171.3,chorus
395,157,171.3,180.96802721088434,other
396,158,0.0,52.9,other
397,158,52.9,98.3,chorus
398,158,151.2,194.6,chorus
399,158,194.6,198.92603174603175,other
400,159,0.0,30.9,other
401,159,30.9,66.6,chorus
402,159,120.9,150.9,chorus
403,159,150.9,151.67301587301588,other
404,160,0.0,84.3,other
405,160,84.3,128.2,chorus
406,160,171.4,215.4,chorus
407,160,215.4,217.89501133786848,other
408,161,0.0,15.2,other
409,161,15.2,30.2,chorus
410,161,60.2,105.2,chorus
411,161,172.7,199.0,chorus
412,161,199.0,204.87501133786847,other
413,162,0.0,32.2,other
414,162,32.2,63.7,chorus
415,162,95.2,126.7,chorus
416,162,189.6,221.1,chorus
417,162,221.1,225.08802721088435,other
418,163,0.0,38.4,other
419,163,38.4,53.8,chorus
420,163,69.1,99.9,chorus
421,163,130.6,161.3,chorus
422,163,161.3,162.02902494331065,other
423,164,0.0,49.6,other
424,164,49.6,80.6,chorus
425,164,127.0,158.1,chorus
426,164,158.1,159.3,other
427,165,0.0,12.2,other
428,165,12.2,42.5,chorus
429,165,72.7,103.2,chorus
430,165,148.3,179.0,chorus
431,165,179.0,194.60403628117913,other
432,166,0.0,41.9,other
433,166,41.9,57.1,chorus
434,166,80.2,102.9,chorus
435,166,148.6,179.1,chorus
436,166,179.1,180.34204081632652,other
437,168,0.0,51.1,other
438,168,51.1,86.6,chorus
439,168,118.0,149.5,chorus
440,168,149.5,156.88403628117914,other
441,170,0.0,45.7,other
442,170,45.7,90.9,chorus
443,170,120.7,165.7,chorus
444,170,188.2,203.2,chorus
445,170,203.2,217.26603174603176,other
446,171,0.0,54.2,other
447,171,54.2,85.2,chorus
448,171,100.7,139.4,chorus
449,171,170.3,201.3,chorus
450,171,201.3,217.5370068027211,other
451,172,0.0,56.7,other
452,172,56.7,124.8,chorus
453,172,141.8,194.7,chorus
454,172,258.9,300.5,chorus
455,172,300.5,319.9640362811791,other
456,175,0.0,48.3,other
457,175,48.3,78.9,chorus
458,175,157.6,189.0,chorus
459,175,189.0,190.4,other
460,176,0.0,60.9,other
461,176,60.9,91.4,chorus
462,176,137.1,167.6,chorus
463,176,167.6,183.55301587301588,other
464,177,0.0,23.3,other
465,177,23.3,69.0,chorus
466,177,121.1,150.7,chorus
467,177,150.7,152.3590022675737,other
468,178,0.0,31.2,other
469,178,31.2,69.6,chorus
470,178,123.3,154.0,chorus
471,178,154.0,156.2180045351474,other
472,179,0.0,61.5,other
473,179,61.5,153.6,chorus
474,179,218.9,265.0,chorus
475,179,265.0,294.92603174603175,other
476,180,0.0,112.3,other
477,180,112.3,143.2,chorus
478,180,224.5,255.5,chorus
479,180,255.5,289.30403628117915,other
480,182,0.0,44.8,other
481,182,44.8,70.4,chorus
482,182,83.2,137.6,chorus
483,182,172.8,212.8,chorus
484,182,212.8,213.80802721088435,other
485,183,0.0,39.4,other
486,183,39.4,65.7,chorus
487,183,78.9,105.2,chorus
488,183,105.2,111.78104308390023,other
489,185,0.0,62.0,other
490,185,62.0,107.7,chorus
491,185,153.5,199.3,chorus
492,185,199.3,230.38702947845806,other
493,186,0.0,45.1,other
494,186,45.1,97.6,chorus
495,186,138.9,180.1,chorus
496,186,180.1,195.92603174603175,other
497,195,0.0,112.5,other
498,195,112.5,157.5,chorus
499,195,187.5,213.7,chorus
500,195,213.7,218.14503401360545,other
501,196,0.0,31.7,other
502,196,31.7,77.8,chorus
503,196,127.7,173.8,chorus
504,196,173.8,173.94503401360544,other
505,197,0.0,0.2,other
506,197,0.2,15.6,chorus
507,197,48.2,92.4,chorus
508,197,130.8,159.6,chorus
509,197,159.6,160.3770068027211,other
510,199,0.0,31.1,other
511,199,31.1,77.5,chorus
512,199,116.2,143.3,chorus
513,199,143.3,143.66403628117914,other
514,201,0.0,23.2,other
515,201,23.2,69.7,chorus
516,201,108.4,154.8,chorus
517,201,154.8,158.10403628117913,other
518,203,0.0,18.9,other
519,203,18.9,64.3,chorus
520,203,94.5,162.5,chorus
521,203,162.5,163.04802721088436,other
522,206,0.0,62.8,other
523,206,62.8,93.6,chorus
524,206,143.5,174.2,chorus
525,206,174.2,185.89102040816326,other
526,207,0.0,73.8,other
527,207,73.8,92.3,chorus
528,207,166.1,184.6,chorus
529,207,184.6,221.5390022675737,other
530,208,0.0,68.8,other
531,208,68.8,92.2,chorus
532,208,162.5,184.9,chorus
533,208,184.9,206.76104308390023,other
534,209,0.0,29.6,other
535,209,29.6,59.2,chorus
536,209,74.0,103.5,chorus
537,209,162.6,192.1,chorus
538,209,192.1,193.33102040816325,other
539,212,0.0,37.5,other
540,212,37.5,67.5,chorus
541,212,123.8,150.0,chorus
542,212,150.0,151.08603174603175,other
543,214,0.0,18.5,other
544,214,18.5,48.0,chorus
545,214,114.5,142.2,chorus
546,214,142.2,145.2,other
547,215,0.0,39.1,other
548,215,39.1,101.6,chorus
549,215,148.4,187.4,chorus
550,215,187.4,199.06104308390022,other
551,219,0.0,41.2,other
552,219,41.2,68.6,chorus
553,219,137.2,178.3,chorus
554,219,178.3,180.4390022675737,other
555,223,0.0,17.0,other
556,223,17.0,47.3,chorus
557,223,62.4,90.7,chorus
558,223,122.8,166.3,chorus
559,223,166.3,167.26204081632653,other
560,227,0.0,30.7,other
561,227,30.7,61.5,chorus
562,227,92.2,122.9,chorus
563,227,138.3,169.0,chorus
564,227,169.0,169.70503401360546,other
565,229,0.0,31.6,other
566,229,31.6,61.9,chorus
567,229,92.1,122.4,chorus
568,229,152.6,167.7,chorus
569,229,167.7,170.60902494331066,other
570,234,0.0,31.0,other
571,234,31.0,61.4,chorus
572,234,107.1,137.6,chorus
573,234,137.6,137.89600907029478,other
574,235,0.0,45.4,other
575,235,45.4,90.7,chorus
576,235,105.8,166.3,chorus
577,235,189.0,219.2,chorus
578,235,219.2,236.11201814058956,other
579,236,0.0,43.2,other
580,236,43.2,85.6,chorus
581,236,99.7,142.0,chorus
582,236,170.3,240.9,chorus
583,236,240.9,269.12303854875285,other
584,239,0.0,70.4,other
585,239,70.4,96.0,chorus
586,239,128.0,153.6,chorus
587,239,153.6,164.54104308390023,other
588,240,0.0,32.4,other
589,240,32.4,78.1,chorus
590,240,108.6,154.3,chorus
591,240,154.3,156.51002267573696,other
592,241,0.0,45.2,other
593,241,45.2,90.2,chorus
594,241,157.7,187.7,chorus
595,241,187.7,233.1950113378685,other
596,242,0.0,32.4,other
597,242,32.4,79.3,chorus
598,242,110.5,157.3,chorus
599,242,157.3,159.25002267573697,other
600,243,0.0,53.0,other
601,243,53.0,83.3,chorus
602,243,151.3,181.5,chorus
603,243,181.5,197.58303854875282,other
604,249,0.0,50.9,other
605,249,50.9,80.0,chorus
606,249,127.3,152.7,chorus
607,249,152.7,182.96204081632652,other
608,250,0.0,30.6,other
609,250,30.6,91.6,chorus
610,250,122.1,183.0,chorus
611,250,183.0,185.61600907029478,other
612,252,0.0,38.4,other
613,252,38.4,69.1,chorus
614,252,107.5,138.2,chorus
615,252,172.8,203.5,chorus
616,252,203.5,203.89700680272108,other
617,254,0.0,30.5,other
618,254,30.5,60.7,chorus
619,254,90.9,121.2,chorus
620,254,174.1,204.3,chorus
621,254,204.3,204.66702947845806,other
622,255,0.0,32.1,other
623,255,32.1,62.1,chorus
624,255,77.1,105.2,chorus
625,255,159.6,189.6,chorus
626,255,189.6,190.72702947845804,other
627,256,0.0,31.4,other
628,256,31.4,61.9,chorus
629,256,92.4,122.8,chorus
630,256,168.6,197.1,chorus
631,256,197.1,200.87301587301587,other
632,257,0.0,15.3,other
633,257,15.3,57.2,chorus
634,257,101.0,133.4,chorus
635,257,133.4,135.54,other
636,258,0.0,15.0,other
637,258,15.0,60.0,chorus
638,258,90.0,135.0,chorus
639,258,150.0,193.0,chorus
640,258,193.0,196.70403628117913,other
641,259,0.0,66.0,other
642,259,66.0,98.0,chorus
643,259,146.0,178.0,chorus
644,259,178.0,243.30802721088435,other
645,260,0.0,61.5,other
646,260,61.5,76.8,chorus
647,260,138.3,169.0,chorus
648,260,194.0,224.7,chorus
649,260,224.7,224.92902494331065,other
650,261,0.0,63.5,other
651,261,63.5,127.0,chorus
652,261,158.7,206.3,chorus
653,261,206.3,224.13201814058957,other
654,264,0.0,34.9,other
655,264,34.9,69.8,chorus
656,264,109.1,157.1,chorus
657,264,157.1,174.54902494331066,other
658,265,0.0,48.4,other
659,265,48.4,94.4,chorus
660,265,156.4,202.8,chorus
661,265,202.8,234.62603174603174,other
662,266,0.0,47.2,other
663,266,47.2,94.5,chorus
664,266,125.9,173.2,chorus
665,266,173.2,204.62603174603174,other
666,267,0.0,52.6,other
667,267,52.6,82.6,chorus
668,267,131.3,157.6,chorus
669,267,157.6,173.0990022675737,other
670,268,0.0,53.3,other
671,268,53.3,106.7,chorus
672,268,133.3,186.7,chorus
673,268,186.7,213.33301587301588,other
674,269,0.0,44.6,other
675,269,44.6,104.2,chorus
676,269,133.9,174.9,chorus
677,269,174.9,183.19002267573697,other
678,273,0.0,45.1,other
679,273,45.1,87.6,chorus
680,273,167.5,207.6,chorus
681,273,207.6,240.02503401360545,other
682,275,0.0,15.7,other
683,275,15.7,60.7,chorus
684,275,120.7,165.9,chorus
685,275,165.9,166.7330158730159,other
686,279,0.0,91.4,other
687,279,91.4,121.9,chorus
688,279,137.1,167.6,chorus
689,279,228.6,274.3,chorus
690,279,274.3,304.76303854875283,other
691,280,0.0,63.7,other
692,280,63.7,105.0,chorus
693,280,172.5,210.0,chorus
694,280,210.0,244.48104308390023,other
695,281,0.0,78.0,other
696,281,78.0,124.9,chorus
697,281,187.3,234.1,chorus
698,281,234.1,268.65900226757367,other
699,282,0.0,94.4,other
700,282,94.4,141.6,chorus
701,282,220.3,267.5,chorus
702,282,267.5,284.97002267573697,other
703,283,0.0,69.7,other
704,283,69.7,100.6,chorus
705,283,139.3,185.8,chorus
706,283,185.8,217.18802721088434,other
707,287,0.0,58.1,other
708,287,58.1,102.6,chorus
709,287,162.6,224.5,chorus
710,287,224.5,226.40702947845804,other
711,288,0.0,46.1,other
712,288,46.1,92.1,chorus
713,288,122.9,168.9,chorus
714,288,168.9,184.32,other
715,289,0.0,30.7,other
716,289,30.7,61.4,chorus
717,289,115.2,161.3,chorus
718,289,161.3,180.49501133786848,other
719,290,0.0,39.0,other
720,290,39.0,85.8,chorus
721,290,132.7,179.5,chorus
722,290,179.5,197.74403628117915,other
723,291,0.0,34.8,other
724,291,34.8,65.8,chorus
725,291,135.5,166.4,chorus
726,291,166.4,199.9160090702948,other
727,292,0.0,93.7,other
728,292,93.7,140.5,chorus
729,292,195.1,241.9,chorus
730,292,241.9,263.12603174603174,other
731,293,0.0,29.7,other
732,293,29.7,59.2,chorus
733,293,118.3,147.8,chorus
734,293,147.8,148.73102040816326,other
735,294,0.0,46.9,other
736,294,46.9,93.4,chorus
737,294,139.8,170.8,chorus
738,294,170.8,186.96303854875285,other
739,296,0.0,44.1,other
740,296,44.1,88.3,chorus
741,296,113.1,154.5,chorus
742,296,154.5,198.8570068027211,other
743,297,0.0,38.9,other
744,297,38.9,69.8,chorus
745,297,146.4,177.1,chorus
746,297,177.1,192.96,other
747,298,0.0,38.4,other
748,298,38.4,84.5,chorus
749,298,130.6,176.6,chorus
750,298,176.6,191.98603174603176,other
751,299,0.0,61.4,other
752,299,61.4,107.5,chorus
753,299,169.0,245.8,chorus
754,299,245.8,262.00603174603174,other
755,300,0.0,24.8,other
756,300,24.8,55.2,chorus
757,300,85.7,116.2,chorus
758,300,139.0,169.5,chorus
759,300,169.5,169.58702947845805,other
760,301,0.0,61.9,other
761,301,61.9,92.9,chorus
762,301,123.9,154.8,chorus
763,301,216.8,247.7,chorus
764,301,247.7,279.68204081632655,other
765,302,0.0,31.0,other
766,302,31.0,77.4,chorus
767,302,139.3,185.8,chorus
768,302,185.8,186.54204081632653,other
769,303,0.0,38.7,other
770,303,38.7,83.2,chorus
771,303,139.3,193.5,chorus
772,303,193.5,194.52104308390022,other
773,304,0.0,15.1,other
774,304,15.1,45.3,chorus
775,304,90.7,120.9,chorus
776,304,143.6,173.9,chorus
777,304,173.9,176.69301587301587,other
778,305,0.0,53.3,other
779,305,53.3,68.6,chorus
780,305,114.3,129.5,chorus
781,305,129.5,144.51301587301586,other
782,306,0.0,31.0,other
783,306,31.0,92.9,chorus
784,306,139.3,201.3,chorus
785,306,201.3,201.78403628117914,other
786,307,0.0,39.4,other
787,307,39.4,85.9,chorus
788,307,132.3,178.8,chorus
789,307,178.8,194.74802721088435,other
790,308,0.0,38.9,other
791,308,38.9,84.9,chorus
792,308,115.7,131.0,chorus
793,308,177.1,223.2,chorus
794,308,223.2,223.45002267573696,other
795,309,0.0,46.7,other
796,309,46.7,92.4,chorus
797,309,153.4,199.1,chorus
798,309,199.1,215.84603174603174,other
799,310,0.0,61.5,other
800,310,61.5,107.6,chorus
801,310,138.3,184.4,chorus
802,310,184.4,216.34603174603174,other
803,311,0.0,61.9,other
804,311,61.9,108.4,chorus
805,311,154.9,201.4,chorus
806,311,201.4,235.82802721088436,other
807,313,0.0,60.9,other
808,313,60.9,91.4,chorus
809,313,144.8,175.2,chorus
810,313,175.2,190.52104308390022,other
811,314,0.0,44.3,other
812,314,44.3,88.6,chorus
813,314,140.3,184.6,chorus
814,314,184.6,184.92303854875283,other
815,317,0.0,33.7,other
816,317,33.7,63.7,chorus
817,317,93.7,123.8,chorus
818,317,168.7,198.7,chorus
819,317,198.7,201.64603174603175,other
820,321,0.0,15.2,other
821,321,15.2,45.7,chorus
822,321,91.4,121.9,chorus
823,321,152.4,182.8,chorus
824,321,182.8,198.14104308390023,other
825,324,0.0,47.3,other
826,324,47.3,78.8,chorus
827,324,110.3,133.9,chorus
828,324,185.1,232.3,chorus
829,324,232.3,235.71401360544218,other
830,326,0.0,94.1,other
831,326,94.1,124.8,chorus
832,326,170.9,201.6,chorus
833,326,201.6,203.54,other
834,327,0.0,31.2,other
835,327,31.2,69.6,chorus
836,327,123.3,154.0,chorus
837,327,154.0,156.2180045351474,other
838,328,0.0,31.0,other
839,328,31.0,61.7,chorus
840,328,100.1,130.9,chorus
841,328,130.9,131.56104308390022,other
842,329,0.0,45.0,other
843,329,45.0,105.0,chorus
844,329,165.0,240.0,chorus
845,329,240.0,244.8580045351474,other
846,331,0.0,22.6,other
847,331,22.6,37.6,chorus
848,331,82.6,97.6,chorus
849,331,127.6,142.6,chorus
850,331,142.6,159.5760090702948,other
851,334,0.0,57.5,other
852,334,57.5,90.3,chorus
853,334,139.5,172.3,chorus
854,334,207.2,240.0,chorus
855,334,240.0,256.79201814058956,other
856,336,0.0,53.3,other
857,336,53.3,83.8,chorus
858,336,99.0,129.5,chorus
859,336,144.8,190.5,chorus
860,336,190.5,193.64802721088435,other
861,341,0.0,94.4,other
862,341,94.4,125.9,chorus
863,341,157.4,188.9,chorus
864,341,188.9,285.50902494331064,other
865,347,0.0,50.0,other
866,347,50.0,80.7,chorus
867,347,126.8,157.5,chorus
868,347,157.5,173.52104308390022,other
869,348,0.0,60.0,other
870,348,60.0,90.0,chorus
871,348,120.0,150.0,chorus
872,348,150.0,180.0,other
873,349,0.0,53.3,other
874,349,53.3,68.6,chorus
875,349,99.0,114.3,chorus
876,349,137.1,160.0,chorus
877,349,160.0,175.0380045351474,other
878,350,0.0,62.0,other
879,350,62.0,92.9,chorus
880,350,123.9,154.9,chorus
881,350,201.3,232.3,chorus
882,350,232.3,263.22603174603177,other
883,351,0.0,34.3,other
884,351,34.3,80.0,chorus
885,351,125.7,171.4,chorus
886,351,171.4,175.63201814058957,other
887,352,0.0,46.4,other
888,352,46.4,92.9,chorus
889,352,139.3,185.8,chorus
890,352,185.8,218.71002267573695,other
891,353,0.0,46.5,other
892,353,46.5,77.4,chorus
893,353,92.9,123.9,chorus
894,353,154.9,185.8,chorus
895,353,185.8,217.66702947845806,other
896,354,0.0,17.8,other
897,354,17.8,46.6,chorus
898,354,63.9,92.7,chorus
899,354,125.3,154.1,chorus
900,354,154.1,158.11600907029478,other
901,355,0.0,30.9,other
902,355,30.9,59.3,chorus
903,355,75.9,121.2,chorus
904,355,150.9,188.7,chorus
905,355,188.7,191.1790022675737,other
906,356,0.0,31.4,other
907,356,31.4,61.4,chorus
908,356,76.4,106.4,chorus
909,356,158.9,188.9,chorus
910,356,188.9,190.78104308390022,other
911,357,0.0,33.0,other
912,357,33.0,79.4,chorus
913,357,140.9,187.8,chorus
914,357,187.8,189.27401360544218,other
915,358,0.0,30.0,other
916,358,30.0,60.0,chorus
917,358,75.0,103.1,chorus
918,358,150.0,172.5,chorus
919,358,172.5,180.80503401360545,other
920,360,0.0,16.1,other
921,360,16.1,64.1,chorus
922,360,116.1,164.1,chorus
923,360,164.1,172.30603174603175,other
924,362,0.0,80.0,other
925,362,80.0,112.0,chorus
926,362,144.0,176.0,chorus
927,362,192.0,224.0,chorus
928,362,224.0,272.47201814058957,other
929,363,0.0,63.5,other
930,363,63.5,95.2,chorus
931,363,126.9,158.7,chorus
932,363,174.5,206.3,chorus
933,363,206.3,221.72603174603174,other
934,366,0.0,31.3,other
935,366,31.3,60.0,chorus
936,366,131.6,160.4,chorus
937,366,160.4,163.62303854875285,other
938,367,0.0,35.8,other
939,367,35.8,64.5,chorus
940,367,107.5,148.7,chorus
941,367,148.7,150.44802721088436,other
942,368,0.0,53.8,other
943,368,53.8,84.5,chorus
944,368,145.9,176.6,chorus
945,368,176.6,210.7330158730159,other
946,370,0.0,93.7,other
947,370,93.7,140.2,chorus
948,370,217.6,279.5,chorus
949,370,279.5,296.04503401360546,other
950,371,0.0,62.4,other
951,371,62.4,93.1,chorus
952,371,139.2,169.9,chorus
953,371,169.9,186.01800453514738,other
954,372,0.0,75.7,other
955,372,75.7,105.3,chorus
956,372,134.8,164.3,chorus
957,372,164.3,193.91301587301587,other
958,374,0.0,30.5,other
959,374,30.5,60.9,chorus
960,374,95.2,121.8,chorus
961,374,121.8,121.88702947845805,other
962,375,0.0,37.5,other
963,375,37.5,67.5,chorus
964,375,97.5,120.0,chorus
965,375,135.0,165.0,chorus
966,388,0.0,35.2,other
967,388,35.2,65.7,chorus
968,388,115.2,145.7,chorus
969,388,145.7,146.7950113378685,other
970,389,0.0,15.2,other
971,389,15.2,60.9,chorus
972,389,114.3,175.2,chorus
973,389,175.2,191.42902494331065,other
974,393,0.0,79.9,other
975,393,79.9,110.1,chorus
976,393,147.8,178.0,chorus
977,393,178.0,212.4990022675737,other
978,397,0.0,47.8,other
979,397,47.8,93.5,chorus
980,397,124.0,169.7,chorus
981,397,169.7,201.47201814058957,other
982,399,0.0,64.2,other
983,399,64.2,124.2,chorus
984,399,168.2,232.2,chorus
985,399,232.2,266.8150113378685,other
986,400,0.0,69.1,other
987,400,69.1,99.8,chorus
988,400,161.3,192.0,chorus
989,400,192.0,209.06802721088437,other
990,401,0.0,30.7,other
991,401,30.7,61.4,chorus
992,401,107.5,138.2,chorus
993,401,138.2,141.2390022675737,other
994,403,0.0,70.0,other
995,403,70.0,101.0,chorus
996,403,131.9,162.9,chorus
997,403,162.9,178.84,other
998,405,0.0,63.4,other
999,405,63.4,98.3,chorus
1000,405,183.4,220.5,chorus
1001,405,220.5,227.39301587301588,other
1002,407,0.0,73.2,other
1003,407,73.2,109.7,chorus
1004,407,164.6,219.5,chorus
1005,407,219.5,237.71401360544218,other
1006,410,0.0,46.4,other
1007,410,46.4,77.4,chorus
1008,410,116.1,147.1,chorus
1009,410,147.1,149.58204081632653,other
1010,412,0.0,76.2,other
1011,412,76.2,121.9,chorus
1012,412,182.8,243.8,chorus
1013,412,243.8,252.82603174603176,other
1014,413,0.0,54.1,other
1015,413,54.1,92.5,chorus
1016,413,140.5,169.3,chorus
1017,413,169.3,224.0740136054422,other
1018,415,0.0,64.0,other
1019,415,64.0,100.6,chorus
1020,415,164.6,210.4,chorus
1021,415,210.4,238.76104308390023,other
1022,416,0.0,15.1,other
1023,416,15.1,45.4,chorus
1024,416,75.6,120.9,chorus
1025,416,120.9,136.06303854875284,other
1026,418,0.0,30.7,other
1027,418,30.7,61.4,chorus
1028,418,99.8,130.6,chorus
1029,418,130.6,132.7570068027211,other
1030,420,0.0,32.7,other
1031,420,32.7,78.1,chorus
1032,420,133.5,179.1,chorus
1033,420,179.1,179.2780045351474,other
1034,421,0.0,30.5,other
1035,421,30.5,76.2,chorus
1036,421,123.8,167.6,chorus
1037,421,167.6,182.85201814058956,other
1038,422,0.0,31.4,other
1039,422,31.4,77.1,chorus
1040,422,122.9,168.6,chorus
1041,422,168.6,170.76603174603176,other
1042,423,0.0,46.1,other
1043,423,46.1,92.1,chorus
1044,423,138.2,184.3,chorus
1045,423,184.3,199.69102040816327,other
1046,424,0.0,46.1,other
1047,424,46.1,92.2,chorus
1048,424,138.2,184.3,chorus
1049,424,184.3,199.89501133786848,other
1050,426,0.0,32.4,other
1051,426,32.4,62.8,chorus
1052,426,139.0,180.9,chorus
1053,426,180.9,185.40503401360544,other
1054,428,0.0,39.5,other
1055,428,39.5,55.5,chorus
1056,428,71.5,103.5,chorus
1057,428,139.5,172.5,chorus
1058,428,172.5,175.7390022675737,other
1059,430,0.0,55.8,other
1060,430,55.8,85.6,chorus
1061,430,141.4,171.2,chorus
1062,430,171.2,173.18603174603174,other
1063,433,0.0,15.0,other
1064,433,15.0,45.0,chorus
1065,433,60.0,90.0,chorus
1066,433,120.0,150.0,chorus
1067,433,150.0,180.14403628117913,other
1068,434,0.0,33.1,other
1069,434,33.1,64.1,chorus
1070,434,114.4,160.9,chorus
1071,434,160.9,163.70802721088435,other
1072,436,0.0,61.0,other
1073,436,61.0,106.7,chorus
1074,436,137.2,182.9,chorus
1075,436,182.9,187.05301587301588,other
1076,437,0.0,38.3,other
1077,437,38.3,68.5,chorus
1078,437,83.7,98.8,chorus
1079,437,144.1,144.1,chorus
1080,437,144.1,191.41102040816327,other
1081,438,0.0,31.0,other
1082,438,31.0,61.9,chorus
1083,438,123.9,170.3,chorus
1084,438,170.3,170.89401360544218,other
1085,439,0.0,30.0,other
1086,439,30.0,60.0,chorus
1087,439,75.0,105.0,chorus
1088,439,180.0,210.0,chorus
1089,439,210.0,212.96104308390022,other
1090,440,0.0,7.6,other
1091,440,7.6,37.8,chorus
1092,440,52.9,83.2,chorus
1093,440,141.9,171.8,chorus
1094,440,171.8,171.95700680272108,other
1095,441,0.0,33.2,other
1096,441,33.2,88.0,chorus
1097,441,126.5,181.3,chorus
1098,441,181.3,187.68902494331067,other
1099,445,0.0,73.0,other
1100,445,73.0,100.9,chorus
1101,445,142.6,170.4,chorus
1102,445,170.4,191.72204081632654,other
1103,447,0.0,71.6,other
1104,447,71.6,100.3,chorus
1105,447,157.6,200.6,chorus
1106,447,200.6,209.10503401360543,other
1107,448,0.0,119.0,other
1108,448,119.0,150.2,chorus
1109,448,230.2,261.4,chorus
1110,448,261.4,293.56303854875284,other
1111,450,0.0,16.6,other
1112,450,16.6,48.1,chorus
1113,450,134.6,181.8,chorus
1114,450,181.8,200.4790022675737,other
1115,451,0.0,30.0,other
1116,451,30.0,58.1,chorus
1117,451,120.0,163.2,chorus
1118,451,163.2,165.0,other
1119,452,0.0,78.8,other
1120,452,78.8,124.1,chorus
1121,452,154.3,185.2,chorus
1122,452,185.2,187.78104308390022,other
1123,453,0.0,45.7,other
1124,453,45.7,91.4,chorus
1125,453,121.9,167.6,chorus
1126,453,167.6,169.78204081632654,other
1127,454,0.0,45.3,other
1128,454,45.3,75.6,chorus
1129,454,90.7,120.9,chorus
1130,454,166.3,211.6,chorus
1131,454,211.6,213.38303854875284,other
1132,456,0.0,33.8,other
1133,456,33.8,63.8,chorus
1134,456,138.8,168.8,chorus
1135,456,168.8,170.17002267573696,other
1136,457,0.0,53.0,other
1137,457,53.0,79.4,chorus
1138,457,92.7,119.2,chorus
1139,457,145.6,172.1,chorus
1140,457,172.1,200.24403628117915,other
1141,458,0.0,22.6,other
1142,458,22.6,45.2,chorus
1143,458,67.8,90.4,chorus
1144,458,90.4,113.05102040816327,other
1145,459,0.0,82.3,other
1146,459,82.3,109.7,chorus
1147,459,164.6,192.0,chorus
1148,459,192.0,220.16702947845806,other
1149,460,0.0,48.0,other
1150,460,48.0,96.0,chorus
1151,460,150.0,198.0,chorus
1152,460,198.0,198.0770068027211,other
1153,461,0.0,53.9,other
1154,461,53.9,89.7,chorus
1155,461,125.6,161.5,chorus
1156,461,161.5,199.80503401360545,other
1157,462,0.0,29.5,other
1158,462,29.5,59.1,chorus
1159,462,118.1,147.7,chorus
1160,462,177.2,206.8,chorus
1161,462,206.8,220.6990022675737,other
1162,463,0.0,44.6,other
1163,463,44.6,67.0,chorus
1164,463,111.6,133.9,chorus
1165,463,133.9,174.58802721088435,other
1166,464,0.0,45.8,other
1167,464,45.8,76.1,chorus
1168,464,136.5,181.9,chorus
1169,464,181.9,200.55002267573695,other
1170,465,0.0,45.8,other
1171,465,45.8,106.7,chorus
1172,465,137.2,167.7,chorus
1173,465,182.9,198.1,chorus
1174,465,198.1,213.39301587301588,other
1175,466,0.0,15.2,other
1176,466,15.2,61.0,chorus
1177,466,91.4,152.4,chorus
1178,467,0.0,60.1,other
1179,467,60.1,120.0,chorus
1180,467,150.1,210.0,chorus
1181,467,210.0,240.30503401360545,other
1182,468,0.0,31.2,other
1183,468,31.2,92.6,chorus
1184,468,131.0,192.5,chorus
1185,468,192.5,192.69301587301587,other
1186,470,0.0,60.9,other
1187,470,60.9,106.7,chorus
1188,470,152.4,198.1,chorus
1189,470,198.1,212.85102040816327,other
1190,472,0.0,61.9,other
1191,472,61.9,123.8,chorus
1192,472,162.6,224.5,chorus
1193,472,224.5,265.5810430839002,other
1194,474,0.0,30.5,other
1195,474,30.5,60.9,chorus
1196,474,76.2,106.7,chorus
1197,474,152.4,198.1,chorus
1198,474,198.1,227.2210430839002,other
1199,476,0.0,29.4,other
1200,476,29.4,58.8,chorus
1201,476,73.5,102.9,chorus
1202,476,146.8,205.5,chorus
1203,476,205.5,268.60902494331066,other
1204,478,0.0,16.4,other
1205,478,16.4,65.6,chorus
1206,478,82.1,98.5,chorus
1207,478,131.3,164.1,chorus
1208,478,164.1,180.80503401360545,other
1209,479,0.0,75.2,other
1210,479,75.2,105.2,chorus
1211,479,180.2,210.2,chorus
1212,479,210.2,251.70603174603175,other
1213,480,0.0,92.9,other
1214,480,92.9,154.8,chorus
1215,480,216.8,276.8,chorus
1216,480,276.8,325.08,other
1217,481,0.0,92.1,other
1218,481,92.1,138.2,chorus
1219,481,184.6,230.4,chorus
1220,481,230.4,275.3580045351474,other
1221,487,0.0,46.8,other
1222,487,46.8,81.9,chorus
1223,487,93.7,117.1,chorus
1224,487,152.2,199.0,chorus
1225,487,199.0,226.44204081632654,other
1226,489,0.0,16.7,other
1227,489,16.7,47.3,chorus
1228,489,62.4,93.0,chorus
1229,489,138.6,169.2,chorus
1230,489,169.2,170.1970068027211,other
1231,490,0.0,45.6,other
1232,490,45.6,60.7,chorus
1233,490,138.2,168.4,chorus
1234,490,168.4,201.44303854875284,other
1235,491,0.0,61.4,other
1236,491,61.4,92.2,chorus
1237,491,168.9,199.6,chorus
1238,491,199.6,200.64,other
1239,493,0.0,23.0,other
1240,493,23.0,53.8,chorus
1241,493,107.5,138.2,chorus
1242,493,138.2,138.72503401360544,other
1243,494,0.0,112.5,other
1244,494,112.5,142.5,chorus
1245,494,232.5,262.6,chorus
1246,494,262.6,357.22603174603177,other
1247,498,0.0,15.2,other
1248,498,15.2,45.7,chorus
1249,498,76.2,106.7,chorus
1250,498,137.1,182.8,chorus
1251,498,182.8,183.72403628117914,other
1252,499,0.0,32.5,other
1253,499,32.5,63.0,chorus
1254,499,97.3,127.9,chorus
1255,499,135.4,166.0,chorus
1256,499,166.0,168.5380045351474,other
1257,501,0.0,30.3,other
1258,501,30.3,75.3,chorus
1259,501,120.3,165.2,chorus
1260,501,165.2,165.2190022675737,other
1261,502,0.0,7.5,other
1262,502,7.5,60.0,chorus
1263,502,120.0,146.3,chorus
1264,502,165.0,176.3,chorus
1265,502,176.3,180.0,other
1266,504,0.0,24.8,other
1267,504,24.8,53.3,chorus
1268,504,70.5,101.0,chorus
1269,504,146.7,188.6,chorus
1270,504,188.6,193.75301587301587,other
1271,507,0.0,41.2,other
1272,507,41.2,68.6,chorus
1273,507,96.0,123.4,chorus
1274,507,123.4,222.19401360544217,other
1275,508,0.0,41.1,other
1276,508,41.1,68.6,chorus
1277,508,82.3,109.7,chorus
1278,508,137.1,164.6,chorus
1279,508,164.6,191.82204081632653,other
1280,509,0.0,27.1,other
1281,509,27.1,81.2,chorus
1282,509,108.2,135.2,chorus
1283,509,162.3,189.3,chorus
1284,509,189.3,217.0,other
1285,510,0.0,30.8,other
1286,510,30.8,75.8,chorus
1287,510,128.3,173.3,chorus
1288,510,173.3,174.86603174603175,other
1289,511,0.0,45.0,other
1290,511,45.0,90.0,chorus
1291,511,150.0,195.0,chorus
1292,511,195.0,196.9390022675737,other
1293,512,0.0,57.6,other
1294,512,57.6,108.8,chorus
1295,512,134.4,185.6,chorus
1296,512,185.6,211.2,other
1297,514,0.0,80.5,other
1298,514,80.5,126.2,chorus
1299,514,211.0,256.7,chorus
1300,514,256.7,257.99102040816325,other
1301,517,0.0,18.1,other
1302,517,18.1,50.1,chorus
1303,517,98.2,130.2,chorus
1304,517,194.1,258.1,chorus
1305,517,258.1,262.68,other
1306,520,0.0,15.0,other
1307,520,15.0,45.0,chorus
1308,520,60.0,90.0,chorus
1309,520,180.0,195.0,chorus
1310,520,195.0,198.75002267573697,other
1311,522,0.0,30.5,other
1312,522,30.5,76.2,chorus
1313,522,125.7,186.7,chorus
1314,522,186.7,187.14303854875283,other
1315,523,0.0,17.0,other
1316,523,17.0,47.2,chorus
1317,523,77.5,122.9,chorus
1318,523,168.2,213.5,chorus
1319,523,213.5,213.56,other
1320,524,0.0,61.9,other
1321,524,61.9,123.8,chorus
1322,524,185.8,247.7,chorus
1323,524,247.7,278.91201814058957,other
1324,526,0.0,30.5,other
1325,526,30.5,60.9,chorus
1326,526,91.4,106.7,chorus
1327,526,152.4,182.8,chorus
1328,526,182.8,182.84503401360544,other
1329,527,0.0,15.2,other
1330,527,15.2,60.2,chorus
1331,527,120.2,165.3,chorus
1332,527,165.3,180.19301587301587,other
1333,528,0.0,30.9,other
1334,528,30.9,61.2,chorus
1335,528,121.0,166.0,chorus
1336,528,166.0,168.16204081632654,other
1337,529,0.0,40.4,other
1338,529,40.4,84.4,chorus
1339,529,172.3,216.2,chorus
1340,529,216.2,216.28902494331066,other
1341,530,0.0,50.2,other
1342,530,50.2,80.2,chorus
1343,530,162.7,192.6,chorus
1344,530,192.6,193.0750113378685,other
1345,533,0.0,47.6,other
1346,533,47.6,78.1,chorus
1347,533,139.1,169.5,chorus
1348,533,169.5,170.01700680272108,other
1349,534,0.0,40.0,other
1350,534,40.0,83.8,chorus
1351,534,125.7,169.5,chorus
1352,534,169.5,170.9530158730159,other
1353,535,0.0,41.3,other
1354,535,41.3,72.0,chorus
1355,535,150.8,181.5,chorus
1356,535,181.5,189.76503401360543,other
1357,540,0.0,32.1,other
1358,540,32.1,77.5,chorus
1359,540,107.7,164.4,chorus
1360,540,164.4,169.33002267573696,other
1361,543,0.0,30.2,other
1362,543,30.2,68.0,chorus
1363,543,75.6,105.8,chorus
1364,543,136.1,166.3,chorus
1365,543,166.3,184.32902494331066,other
1366,544,0.0,91.4,other
1367,544,91.4,152.4,chorus
1368,544,182.9,228.6,chorus
1369,544,228.6,289.5240362811791,other
1370,545,0.0,18.8,other
1371,545,18.8,33.7,chorus
1372,545,48.7,78.8,chorus
1373,545,97.5,123.8,chorus
1374,545,123.8,128.83600907029478,other
1375,546,0.0,51.7,other
1376,546,51.7,110.7,chorus
1377,546,155.1,199.4,chorus
1378,546,199.4,202.09301587301587,other
1379,547,0.0,91.8,other
1380,547,91.8,121.8,chorus
1381,547,211.8,241.8,chorus
1382,547,241.8,294.7220408163265,other
1383,548,0.0,63.9,other
1384,548,63.9,94.6,chorus
1385,548,171.6,202.3,chorus
1386,548,202.3,218.28403628117914,other
1387,550,0.0,68.1,other
1388,550,68.1,113.1,chorus
1389,550,210.6,255.6,chorus
1390,550,255.6,266.04303854875286,other
1391,551,0.0,38.4,other
1392,551,38.4,67.2,chorus
1393,551,119.0,149.8,chorus
1394,551,149.8,165.09002267573698,other
1395,552,0.0,53.4,other
1396,552,53.4,83.9,chorus
1397,552,144.9,175.4,chorus
1398,552,175.4,209.65600907029477,other
1399,553,0.0,30.7,other
1400,553,30.7,76.4,chorus
1401,553,129.8,190.7,chorus
1402,553,190.7,213.87501133786847,other
